sample,motif
170906_neb14,GATC
170906_neb14,GGCC
170906_neb14,CCAGG
170906_neb14,CCTGG
170906_neb14,CCCGG
170906_neb14,CCGGG
170906_neb14,GCAGC
170906_neb14,GCTGC
170906_neb14,GCCGC
170906_neb14,GCGGC
171003_neb16,CCAGGC
171003_neb16,CCTGGC
171003_neb16,CCCGGC
171003_neb16,CCGGGC
171005_neb12,CCGG
171019_neb17,GAATC
171019_neb17,GATTC
171019_neb17,GACTC
171019_neb17,GAGTC
171019_neb19,GATC
171020_neb15,GCAGC
171020_neb15,GCTGC
171020_neb15,GCCGC
171020_neb15,GCGGC
180628_neb_dcm,CCAGG
180628_neb_dcm,CCTGG
